Workbook

Sheet Instructions
A1: ITC327W Project Progress and Contribution Workbook
A3: Use this workbook throughout the semester. Update it after each project phase and submit the same workbook again so that progress can be tracked over time.
A5: Sheet | B5: Purpose | D5: Evidence and Accountability Rules
A6: Project Overview | B6: Enter the group and project details. The dashboard summarises task progress automatically. | D6: 1 | E6: Every student must be assigned meaningful work in Microsoft Project.
A7: Task Progress | B7: Record planned and completed tasks, responsible students, dates, status, percentage completed and evidence. | D7: 2 | E7: Completed work must be supported by evidence such as GitHub activity, meeting records, document sections, screenshots or stakeholder communication.
A8: Individual Contributions | B8: Record the work personally completed by each student. Every entry must have evidence. | D8: 3 | E8: GitHub commits are not the only evidence. Planning, interviewing, documentation, coordination and quality review also count.
A9: Stakeholder Engagement | B9: Record meetings, calls and emails with the stakeholder and the main outcomes. | D9: 4 | E9: Do not record work as completed by a student when it was completed by someone else.
A10: Challenges & Actions | B10: Record project challenges, their effect and the corrective action taken. | D10: 5 | E10: Do not place passwords, API keys, identity numbers, private contact details or confidential records in this workbook or on GitHub.
A11: Phase Summary | B11: Provide a short summary of the phase, including achievements, outstanding work and participation concerns. | D11: 6 | E11: The confidential individual peer evaluation must be completed separately on Blackboard.
A12: Group Reflection | B12: Complete one shared reflection after each phase. Be honest and specific.
D13: Recommended Update Points
D14: Unit 1 / Phase 1 | E14: Planning, stakeholder engagement, requirements and initial SRS
D15: Phase 2 | E15: Architecture, UML, ERD and interface design
D16: Phase 3 | E16: Development, integration, testing and demonstration
D17: Final | E17: Overall project summary and final reflection

Sheet Project Overview
A1: Project Overview and Progress Dashboard
A3: Project Information | B3: Group Response | F3: Task Status | G3: Count
A4: Group name or number | B4: Group 5 | F4: Completed | G4: =COUNTIF('Task Progress'!H2:H101,"Completed") -> 11
A5: Project title | B5: Lenyora Primary School Digital Application System | F5: In Progress | G5: =COUNTIF('Task Progress'!H2:H101,"In Progress") -> 0
A6: Stakeholder or organisation | B6: Lenyora Primary School | F6: Not Started | G6: =COUNTIF('Task Progress'!H2:H101,"Not Started") -> 0
A7: Group mentor | B7: Mr. T. Mokoduwe | F7: Delayed | G7: =COUNTIF('Task Progress'!H2:H101,"Delayed") -> 0
A8: Reporting phase | B8: Phase 1 | F8: Blocked | G8: =COUNTIF('Task Progress'!H2:H101,"Blocked") -> 0
A9: Reporting period | B9: 17 August 2026 - 26 August 2026 | F9: Overdue | G9: =COUNTIF('Task Progress'!M2:M101,"Overdue") -> 0
A10: Overall status | B10: In Progress
A11: Overall % complete | B11: =IFERROR(SUM('Task Progress'!I2:I101)/COUNTIF('Task Progress'!D2:D101,"<>")/100,0) -> 0.91666667 | F11: Contribution Summary | G11: Count
A12: Main achievement | B12: Successfully completed and confirmed initial SRS with stakeholder approval. Conducted stakeholder interview. Established GitHub repository and Supabase project. | F12: Contribution entries | G12: =COUNTIF('Individual Contributions'!E3:E191,"?*") -> 12
A13: Main challenge | B13: Coordinating schedules for the stakeholder interview and gathering complete subject listings per grade from the school administration. | F13: Verified entries | G13: =COUNTIFS('Individual Contributions'!E3:E191,"?*",'Individual Contributions'!J3:J191,"Yes") -> 12
A14: Next planned activity | B14: Begin system architecture design, UML diagrams, and database schema development for Phase 2 | F14: Unverified entries | G14: =COUNTIFS('Individual Contributions'!E3:E191,"?*",'Individual Contributions'!J3:J191,"No") -> 0
F15: Stakeholder engagements | G15: =COUNT('Stakeholder Engagement'!A3:A99) -> 0

Sheet Task Progress
A1: Task Progress Tracker
A2: Task ID | B2: Reporting Phase | C2: Activity | D2: Task Description | E2: Assigned Student | F2: Start Date | G2: Due Date | H2: Status | I2: % Complete | J2: Evidence / Link | K2: Verified by Group | L2: Lecturer Comment | M2: Progress Flag
A3: U1-01 | B3: Unit 1 / Phase 1 | C3: Activity 1.1 | D3: Identify and confirm the external stakeholder | F3: 17/08/2026 | G3: 26/08/2026 | H3: Completed | I3: 100 | K3: Yes | M3: =IF(D3="","",IF(H3="Completed","Completed",IF(H3="Blocked","Blocked",IF(H3="Delayed","Delayed",IF(AND(G3<>"",G3<TODAY(),H3<>"Completed"),"Overdue","On Track"))))) -> Completed
A4: U1-02 | B4: Unit 1 / Phase 1 | C4: Activity 1.1 | D4: Document the current process and problem | F4: 18/08/2026 | G4: 26/08/2026 | H4: Completed | I4: 100 | K4: No | M4: =IF(D4="","",IF(H4="Completed","Completed",IF(H4="Blocked","Blocked",IF(H4="Delayed","Delayed",IF(AND(G4<>"",G4<TODAY(),H4<>"Completed"),"Overdue","On Track"))))) -> Completed
A5: U1-03 | B5: Unit 1 / Phase 1 | C5: Activity 1.1 | D5: Define the project aim, objectives and scope | F5: 20/08/2026 | G5: 26/08/2026 | H5: Completed | I5: 100 | K5: No | M5: =IF(D5="","",IF(H5="Completed","Completed",IF(H5="Blocked","Blocked",IF(H5="Delayed","Delayed",IF(AND(G5<>"",G5<TODAY(),H5<>"Completed"),"Overdue","On Track"))))) -> Completed
A6: U1-04 | B6: Unit 1 / Phase 1 | C6: Activity 1.2 | D6: Prepare stakeholder interview questions | F6: 20/08/2026 | G6: 26/08/2026 | H6: Completed | I6: 100 | K6: No | M6: =IF(D6="","",IF(H6="Completed","Completed",IF(H6="Blocked","Blocked",IF(H6="Delayed","Delayed",IF(AND(G6<>"",G6<TODAY(),H6<>"Completed"),"Overdue","On Track"))))) -> Completed
A7: U1-05 | B7: Unit 1 / Phase 1 | C7: Activity 1.2 | D7: Conduct and document the stakeholder interview | F7: 24/08/2026 | G7: 26/08/2026 | H7: Completed | I7: 100 | K7: No | M7: =IF(D7="","",IF(H7="Completed","Completed",IF(H7="Blocked","Blocked",IF(H7="Delayed","Delayed",IF(AND(G7<>"",G7<TODAY(),H7<>"Completed"),"Overdue","On Track"))))) -> Completed
A8: U1-06 | B8: Unit 1 / Phase 1 | C8: Activity 1.3 | D8: Compile the initial SRS | F8: 25/08/2026 | G8: 26/08/2026 | H8: Completed | I8: 100 | K8: No | M8: =IF(D8="","",IF(H8="Completed","Completed",IF(H8="Blocked","Blocked",IF(H8="Delayed","Delayed",IF(AND(G8<>"",G8<TODAY(),H8<>"Completed"),"Overdue","On Track"))))) -> Completed
A9: U1-07 | B9: Unit 1 / Phase 1 | C9: Activity 1.3 | D9: Create the initial Microsoft Project schedule | F9: 26/08/2026 | G9: 26/08/2026 | H9: Completed | I9: 100 | K9: No | M9: =IF(D9="","",IF(H9="Completed","Completed",IF(H9="Blocked","Blocked",IF(H9="Delayed","Delayed",IF(AND(G9<>"",G9<TODAY(),H9<>"Completed"),"Overdue","On Track"))))) -> Completed
A10: U1-08 | B10: Unit 1 / Phase 1 | C10: Activity 1.3 | D10: Create and configure the GitHub repository | F10: 26/08/2026 | G10: 26/08/2026 | H10: Completed | I10: 100 | K10: No | M10: =IF(D10="","",IF(H10="Completed","Completed",IF(H10="Blocked","Blocked",IF(H10="Delayed","Delayed",IF(AND(G10<>"",G10<TODAY(),H10<>"Completed"),"Overdue","On Track"))))) -> Completed
A11: U1-09 | B11: Unit 1 / Phase 1 | C11: Activity 1.3 | D11: Create the initial Supabase project | F11: 26/08/2026 | G11: 26/08/2026 | H11: Completed | I11: 100 | K11: No | M11: =IF(D11="","",IF(H11="Completed","Completed",IF(H11="Blocked","Blocked",IF(H11="Delayed","Delayed",IF(AND(G11<>"",G11<TODAY(),H11<>"Completed"),"Overdue","On Track"))))) -> Completed
A12: U1-10 | B12: Unit 1 / Phase 1 | C12: Activity 1.3 | D12: Complete the progress report and contribution record | F12: 26/08/2026 | G12: 26/08/2026 | H12: Completed | I12: 100 | K12: No | M12: =IF(D12="","",IF(H12="Completed","Completed",IF(H12="Blocked","Blocked",IF(H12="Delayed","Delayed",IF(AND(G12<>"",G12<TODAY(),H12<>"Completed"),"Overdue","On Track"))))) -> Completed
A13: U1-11 | B13: Unit 1 / Phase 1 | C13: Activity 1.3 | D13: Complete the Unit 1 group reflection | F13: 26/08/2026 | G13: 26/08/2026 | H13: Completed | I13: 100 | K13: No | M13: =IF(D13="","",IF(H13="Completed","Completed",IF(H13="Blocked","Blocked",IF(H13="Delayed","Delayed",IF(AND(G13<>"",G13<TODAY(),H13<>"Completed"),"Overdue","On Track"))))) -> Completed
M14: =IF(D14="","",IF(H14="Completed","Completed",IF(H14="Blocked","Blocked",IF(H14="Delayed","Delayed",IF(AND(G14<>"",G14<TODAY(),H14<>"Completed"),"Overdue","On Track")))))
M15: =IF(D15="","",IF(H15="Completed","Completed",IF(H15="Blocked","Blocked",IF(H15="Delayed","Delayed",IF(AND(G15<>"",G15<TODAY(),H15<>"Completed"),"Overdue","On Track")))))
M16: =IF(D16="","",IF(H16="Completed","Completed",IF(H16="Blocked","Blocked",IF(H16="Delayed","Delayed",IF(AND(G16<>"",G16<TODAY(),H16<>"Completed"),"Overdue","On Track")))))
M17: =IF(D17="","",IF(H17="Completed","Completed",IF(H17="Blocked","Blocked",IF(H17="Delayed","Delayed",IF(AND(G17<>"",G17<TODAY(),H17<>"Completed"),"Overdue","On Track")))))
M18: =IF(D18="","",IF(H18="Completed","Completed",IF(H18="Blocked","Blocked",IF(H18="Delayed","Delayed",IF(AND(G18<>"",G18<TODAY(),H18<>"Completed"),"Overdue","On Track")))))
M19: =IF(D19="","",IF(H19="Completed","Completed",IF(H19="Blocked","Blocked",IF(H19="Delayed","Delayed",IF(AND(G19<>"",G19<TODAY(),H19<>"Completed"),"Overdue","On Track")))))
M20: =IF(D20="","",IF(H20="Completed","Completed",IF(H20="Blocked","Blocked",IF(H20="Delayed","Delayed",IF(AND(G20<>"",G20<TODAY(),H20<>"Completed"),"Overdue","On Track")))))
M21: =IF(D21="","",IF(H21="Completed","Completed",IF(H21="Blocked","Blocked",IF(H21="Delayed","Delayed",IF(AND(G21<>"",G21<TODAY(),H21<>"Completed"),"Overdue","On Track")))))
M22: =IF(D22="","",IF(H22="Completed","Completed",IF(H22="Blocked","Blocked",IF(H22="Delayed","Delayed",IF(AND(G22<>"",G22<TODAY(),H22<>"Completed"),"Overdue","On Track")))))
M23: =IF(D23="","",IF(H23="Completed","Completed",IF(H23="Blocked","Blocked",IF(H23="Delayed","Delayed",IF(AND(G23<>"",G23<TODAY(),H23<>"Completed"),"Overdue","On Track")))))
M24: =IF(D24="","",IF(H24="Completed","Completed",IF(H24="Blocked","Blocked",IF(H24="Delayed","Delayed",IF(AND(G24<>"",G24<TODAY(),H24<>"Completed"),"Overdue","On Track")))))
M25: =IF(D25="","",IF(H25="Completed","Completed",IF(H25="Blocked","Blocked",IF(H25="Delayed","Delayed",IF(AND(G25<>"",G25<TODAY(),H25<>"Completed"),"Overdue","On Track")))))
... M101: =IF(D101="","",IF(H101="Completed","Completed",IF(H101="Blocked","Blocked",IF(H101="Delayed","Delayed",IF(AND(G101<>"",G101<TODAY(),H101<>"Completed"),"Overdue","On Track")))))

Sheet Individual Contributions
A1: Individual Contribution Record
A2: Student Name | B2: Student Number | C2: Reporting Phase | D2: Activity | E2: Assigned Responsibility | F2: Work Personally Completed | G2: Date Completed | H2: Hours Spent | I2: Evidence / Link | J2: Verified by Group | K2: Verification Date | L2: Notes
A3: M.N Matla | B3: 216009568 | C3: Phase 1 | D3: Activity 1.1 | E3: Project Lead / Stakeholder Contact | F3: Identified and confirmed stakeholder. Organized the meeting and obtained signed agreement. | G3: 17/08/2026 | H3: 1.5 | J3: Yes
A4: S.M Nkosi | B4: 222020350 | C4: Phase 1 | D4: Activity 1.1 | E4: Process Documentation | F4: Documented the current manual process and problem statement. | G4: 18/08/2026 | H4: 2 | J4: Yes
A5: All Members | C5: Phase 1 | D5: Activity 1.1 | E5: Define project objectives | F5: Drafted project aim, objectives, and scope sections of SRS | G5: 19/08/2026 | H5: 5 | J5: Yes | L5: -
A6: G.D. Sekhula | B6: 223028212 | C6: Phase 1 | D6: Activity 1.2 | E6: Interview Preparation | F6: Prepared stakeholder interview questions. | G6: 21/08/2026 | H6: 2 | J6: Yes | L6: -
A7: All Members | C7: Phase 1 | D7: Activity 1.2 | E7: Conduct Interview | F7: Explained the purpose of the interview, asked questions, and recorded the stakeholder's responses. | G7: 24/08/2026 | H7: 0.5 | J7: Yes | L7: -
A8: All Members | C8: Phase 1 | D8: Activity 1.3 | E8: SRS Preparation | F8: Prepared the SRS sections | G8: 25/08/2026 | H8: 9 | J8: Yes | L8: -
A9: T.H. Mosia | B9: 222040802 | C9: Phase 1 | D9: Activity 1.3 | E9: Microsoft Project Schedule | F9: Created the initial Microsoft Project schedule with all tasks, and timeline. | G9: 26/08/2026 | H9: 5 | J9: Yes | L9: -
A10: L. Kayane | B10: 222002417 | C10: Phase 1 | D10: Activity 1.3 | E10: Supabase Creation | F10: Created Supabase project. | G10: 26/08/2026 | H10: 0.5 | J10: Yes | L10: -
A11: L. Kayane | B11: 222002417 | C11: Phase 1 | D11: Activity 1.3 | E11: GitHub Repository | F11: Created and configured GitHub repository. Added README, invited members, and set up documentation folder. | G11: 26/08/2026 | H11: 1 | J11: Yes
A12: All Members | C12: Phase 1 | D12: Activity 1.3 | E12: Progress Workbook | F12: Completed the Project Progress Workbook with all project details and evidence links. | G12: 26/08/2026 | H12: 3 | J12: Yes
A13: All Members | C13: Phase 1 | D13: Activity 1.3 | E13: Completed Group Reflection | F13: Completed the group reflection | G13: 26/08/2026 | H13: 1 | J13: Yes
A14: All Members | C14: Phase 1 | D14: Activity 1.3 | E14: SRS Review | F14: Completed the SRS document | G14: 26/08/2026 | H14: 2 | J14: Yes

Sheet Stakeholder Engagement
A1: Stakeholder Engagement Record
A2: Date | B2: Reporting Phase | C2: Type of Engagement | D2: Purpose | E2: Students Present | F2: Stakeholder Present / Role | G2: Main Findings | H2: Action Required | I2: Evidence / Link
A3: 17/08/2026 | B3: Phase 1 | C3: Site Visit | D3: Confirmed stakeholder and obtain letter of agreement. | E3: M.N Matla | F3: Head of department, Lenyora Primary School | G3: School confirmed the need for a digital application system. Key features needed: online applications, announcements, subject listings, and status tracking. | H3: Document the current process and problem statement.
A4: 24/08/2026 | B4: Phase 1 | C4: Meeting | D4: Gather detailed requirements for the system. Understand stakeholder's needs. | E4: All Members | F4: Head of Department, Lenyora Primary School | G4: Parents miss the opening and closing dates for the applications. Parents frequently ask about subjects per grade. Paper forms are often lost. | H4: Preparing the SRS documentation

Sheet Phase Summary
A1: Phase Progress Summary
A3: Summary Information | B3: Group Response | D3: Phase Completion Checklist
A4: Reporting phase | B4: Phase 1 | D4: Initial or updated SRS completed | E4: Yes
A5: Reporting period | B5: 17 August 2026 - 26 August 2026 | D5: Progress report updated | E5: Yes
A6: Overall phase status | B6: Completed | D6: Individual contributions recorded | E6: Yes
A7: What was completed during this phase? | B7: Successfully identified and confirmed the external stakeholder (Lenyora Primary School) Conducted stakeholder interview and documented findings Defined project aim, objectives, and scope Completed the initial SRS document Created initial Microsoft Project schedule Set up GitHub repository with all group members Created initial Supabase project Completed the progress workbook and individual contribution records Completed group reflection | D7: Stakeholder engagement recorded | E7: Yes
A8: What remains incomplete? | B8: NONE | D8: Challenges and actions updated | E8: Yes
A9: Why is it incomplete? | B9: N/A | D9: Group reflection completed | E9: Yes
A10: Which contributions were particularly important? | B10: Stakeholder engagement and agreement. SRS compilation. Supabase setup and GitHub configuration. | D10: Microsoft Project updated | E10: Yes
A11: Were there participation concerns? | B11: No major participation concerns. All group members actively contributed to their assigned tasks. Good communication and collaboration observed throughout the phase. | D11: GitHub evidence available | E11: Yes
A12: What will the group improve in the next phase? | B12: Earlier scheduling of technical tasks to allow buffer time More proactive stakeholder follow-up | D12: Confidential peer check completed | E12: No
A13: Main priority for the next phase

Sheet Challenges & Actions
A1: Challenges and Corrective Actions
A2: Date Identified | B2: Reporting Phase | C2: Challenge | D2: Effect on Progress | E2: Corrective Action | F2: Responsible Student | G2: Target Date | H2: Status
A3: 21/08/2026 | B3: Phase 1 | C3: Our first stakeholder's needs did not align with our project requirements as per the module. | D3: Slight delay in scheduling a meeting with the new stakeholder to collect the requirements. | E3: Managed to schedule the meeting. | F3: All members | H3: Resolved
A4: 25/08/2026 | B4: Phase 1 | C4: Group member had technical issues with GitHub repository access. | D4: Temporary block on collaborative work. | E4: Re-sent invitation links and provided GitHub setup documentation. Verified access resolved. | F4: L. Kayane | H4: Resolved
A5: 26/08/2026 | B5: Phase 1 | C5: Misunderstanding about SRS formatting and structure requirements. | D5: Required additional time to reformat document. | E5: Reviewed sample SRS documents. Reorganized document structure accordingly. | F5: S.M. Nkosi, G.D Sekhula | H5: Resolved
A6: 25/08/2026 | B6: Phase 1 | C6: Used the online microsoft project for scheduling instead of the project professional app. | D6: It was a slight setback as it took too much time to start the new one on the app. | E6: We started scheduling using the project professional app. | F6: T.H Mosia, M.N Matla | H6: Resolved

Sheet Group Reflection
A1: Group Reflection
A3: Reflection Information | B3: Group Response | D3: Reflection Guidance
A4: Reporting phase | B4: Phase 1 | D4: Length | E4: Approximately 300–400 words in total.
A5: Project title | B5: School Digital Application System | D5: Focus | E5: Discuss the group’s actual experience, not the activity instructions.
A6: Most important learning from this phase | B6: The most important learning was understanding the critical importance of effective stakeholder engagement. The interview with the head of department revealed that despite having basic technology infrastructure, the school's processes were still heavily manual. We learned that successful systems require not just good code, but deep understanding of user needs and organizational workflows. | D6: Honesty | E6: Identifying a genuine challenge will not disadvantage the group when an improvement action is provided.
A7: What went well and why? | B7: Stakeholder meeting went well because we prepared thoroughly, developed relevant interview questions, and the stakeholder's responses were clear. | D7: Evidence | E7: Ensure that claims about participation agree with the contribution record, Microsoft Project and GitHub.
A8: What was difficult and why? | B8: Gathering the project requirements due to changing our stakeholder. | D8: Research use | E8: Student work may only be used for research after the required ethical approval and consent processes.
A9: How were tasks divided among members? | B9: M.N Matla(Project Lead): Stakeholder management. L. Kayane :Created Github and Supabase. G.D. Sekhula:Prepared interview questions. T.H. Mosia: Created microsoft project. S.M Nkosi: Documented processes and problem statement
A10: Did all members contribute fairly? Explain. | B10: Yes, all members contributed fairly and consistently. Each member completed their assigned responsibilities on time and participated actively in group discussions and meetings.
A11: How did the group handle disagreements or delays? | B11: We worked tirelessly to ensure that we make up for lost time.
A12: What did the group learn from the stakeholder? | B12: Application processing is currently a major administrative burden for school staff Trust and reliability are crucial - the system must work consistently and be simple to use
A13: Improvement action 1 for the next phase | B13: Implement more proactive stakeholder communication - Schedule regular checkpoints (weekly brief updates) to ensure alignment and prevent last-minute information requests.
A14: Improvement action 2 for the next phase | B14: Implement more proactive stakeholder communication - Schedule regular checkpoint to ensure alignment and prevent last-minute information requests.
A15: Priority for the next phase
